id;strasse;hausnummer;plz;ort
1;Hauptstraße;12;46236;Bottrop
2;Hauptstr.;12;46236;Bottrop
3;Gartenweg;5;46236;Bottrop
4;Bahnhofstraße;7a;45966;Gladbeck
5;Bahnhofstraße;7a;45966;Gladbeck
6;Kirchplatz;1;45879;Gelsenkirchen
7;Lindenallee;23;;Essen
8;Schulstraße;;46236;Bottrop
9;Waldstraße;14;4623;Bottrop
10;  Ringstraße ;8;45879;gelsenkirchen
11;Am Markt;3;46045;Oberhausen
12;Berliner Str.;40;45127;Essen
13;Berliner Straße;40;45127;Essen
14;Rosenweg;9;46244;Bottrop
15;Rosenweg;9;4624A;Bottrop
16;Poststraße;17;45657;Recklinghausen
17;Eichenstr;2;45966;Gladbeck
18;Eichenstraße;2;45966;Gladbeck
19;Mozartweg;31;46236;Bottrop
20;Gartenweg;5;46236;Bottrop